,station,latitude,longitude
0,Adachi-Odai Station,35.7546778,139.770387876573
1,Aihara Station,35.6068781,139.331679970105
2,Akabane Station,35.7781394,139.7207999
3,Akabane-iwabuchi Station,35.783147,139.7200438
4,Akabanebashi Station,35.6549696,139.7438925
5,Akado-shōgakkōmae Station,35.7428607,139.7690418
6,Akasaka-mitsuke Station,35.6782157,139.7356589
7,Akebonobashi Station,35.692389,139.722861
8,Akigawa Station,35.728711,139.231226
9,Akihabara Station,35.6985646,139.773056260345
10,Akishima Station,35.70248,139.350065
11,Akitsu Station (Tokyo),35.778504,139.4967172
12,Anamori-inari Station,35.5502972,139.7467464
13,Aoi Station,35.7721093,139.8204652
14,Aomi Station,35.6247789,139.7812023
15,Aomono-yokochō Station,35.6088736,139.743075
16,Aoto Station,35.7455716,139.856122652652
17,Aoyama-itchōme Station,35.671999,139.725183
18,Araiyakushi-mae Station,35.7156908,139.6726566
19,Arakawa-itchūmae Station,35.7337167,139.7889304
20,Arakawa-nanachōme Station,35.741991,139.7841403
21,Arakawa-nichōme Station,35.7386743,139.7846652
22,Arakawa-shakomae Station,35.7508975,139.7527866
23,Ariake Station (Tokyo),35.6345596,139.7932678
24,Ariake-tennis-no-mori Station,35.640126,139.7888608
25,Asagaya Station,35.7048403,139.6354724
26,Asakusabashi Station,35.697337,139.7862303
27,Asukayama Station,35.7501777,139.7373997
28,Awajichō Station,35.6951289,139.767457
29,Ayase Station,35.7616025,139.8240349
30,Azabu-juban Station,35.6564959,139.7361326
31,Bakuro-yokoyama Station,35.692111,139.782778
32,Bakurochō Station,35.6933502,139.7824528
33,Bubaigawara Station,35.6684766,139.4685064
34,Chidorichō Station,35.5728989,139.691551
35,Chikatetsu-Akatsuka Station,35.7699134,139.6441215
36,Chikatetsu-Narimasu Station,35.7766572,139.6313022
37,Chitose-Funabashi Station,35.6473851,139.6238205
38,Chitose-karasuyama Station,35.6680309,139.6008688
39,Chōfu Station (Tokyo),35.5981368,139.6673195
40,Chūō-Daigaku-Meisei-Daigaku Station,35.6418657,139.4087619
41,Daiba Station (Tokyo),35.6259018,139.7714216
42,Daikan-yama Station,35.6482067,139.703262
43,Daimon Station (Tokyo),35.6567938,139.7546916
44,Daishimae Station,35.7788753,139.7814629
45,Daitabashi Station,35.6711552,139.6596041
46,Den-en-chōfu Station,35.5981368,139.6673195
47,Ebara-Nakanobu Station,35.6099554,139.7119528
48,Ebisu Station (Tokyo),35.6465799,139.710214780161
49,Edogawa Station,35.73775095,139.896050869176
50,Edogawabashi Station,35.7095215,139.733581
51,Eifukuchō Station,35.676171,139.6438529
52,Ekoda Station,35.7376016,139.6727496
53,Etchūjima Station,35.6679112,139.7926011
54,Fuchū Station (Tokyo),35.6611119,139.4734451
55,Fuda Station,35.6512105,139.5511283
56,Fudō-mae Station,35.6253595,139.7130246
57,Fujimidai Station,35.7359523,139.6300042
58,Fujimigaoka Station,35.6848817,139.6070398
59,Funabori Station,35.6835522,139.8640854
60,Fune-no-kagakukan Station,35.621401,139.7730812
61,Fussa Station,35.737188,139.334682
62,Futako-Tamagawa Station,35.6122926,139.6291232
63,Futamatao Station,35.8042988,139.2159535
64,Gaiemmae Station,35.6704896,139.7178719
65,Gakugei-daigaku Station,35.6289251,139.6853442
66,Gakushuinshita Station,35.7161836,139.7124956
67,Ginza Station,35.6718042,139.7640553
68,Ginza-itchōme Station,35.6749641,139.7656782
69,Gokokuji Station,35.719028,139.7275
70,Gotanda Station,35.6272673,139.7225945
71,Gotanno Station,35.7660148,139.8094901
72,Gōtokuji Station,35.653565,139.6468537
73,Hachimanyama Station,35.6698424,139.6159248
74,Hachiōji Station,35.660175,139.283071
75,Hachiōji-Minamino Station,35.6312408,139.3309936
76,Hagiyama Station,35.7407076,139.4770669
77,Haijima Station,35.7212233,139.3435672
78,Hakonegasaki Station,35.7714004,139.3467277
79,Hakusan Station (Tokyo),35.721061,139.7521236
80,Hamacho Station,35.688472,139.788139
81,Hamadayama Station,35.6819312,139.6271273
82,Hamamatsuchō Station,35.6551111,139.7570622
83,Hamura Station,35.764833,139.307862
84,Hana-Koganei Station,35.7262859,139.5129838
85,Haneda Airport International Terminal Station,35.5449446,139.7675139
86,Haneda Airport Terminal 1 Station,35.5491518,139.7845835
87,Haneda Airport Terminal 2 Station,35.5507883,139.7881457
88,Hanzōmon Station,35.6856785,139.7416288
89,Harajuku Station,35.6687049,139.7053357
90,Hasune Station,35.785341,139.6793961
91,Hasunuma Station,35.5643955,139.7075242
92,Hatagaya Station,35.6772113,139.6767644
93,Hatanodai Station,35.6048391,139.7027094
94,Hatchōbori Station (Tokyo),35.6746222,139.7776586
95,Hatonosu Station,35.8150523,139.1287096
96,Hatsudai Station,35.6816399,139.6871239
97,Hazama Station (Tokyo),35.6406875,139.2932569
98,Heiwadai Station (Tokyo),35.7582764,139.6531228
99,Heiwajima Station,35.5788329,139.7353178
100,Hibarigaoka Station (Tokyo),35.7515231,139.5455333
101,Hibiya Station,35.6735754,139.7581171
102,Higashi-Akiru Station,35.7258859,139.3114682
103,Higashi-Azuma Station,35.707376,139.831738249685
104,Higashi-fuchū Station,35.6689584,139.4950583
105,Higashi-Fushimi Station,35.7287186,139.5643443
106,Higashi-Fussa Station,35.7459234,139.3359778
107,Higashi-ginza Station,35.6707447,139.7683417
108,Higashi-Ikebukuro Station,35.7255809,139.719447
109,Higashi-ikebukuro-yonchome Station,35.7252064,139.7198773
110,Higashi-Jūjō Station,35.7638484,139.7268749
111,Higashi-Kitazawa Station,35.6656375,139.6733222
112,Higashi-Kōenji Station,35.6979518,139.658303
113,Higashi-Koganei Station,35.7016087,139.5243396
114,Higashi-Kurume Station,35.7602654,139.5340468
115,Higashi-matsubara Station,35.662645,139.6557044
116,Higashi-Murayama Station,35.7599906,139.4657955
117,Higashi-Nagasaki Station,35.7305456,139.6827202
118,Higashi-Nakagami Station,35.7064128,139.3842689
119,Higashi-Nakano Station,35.70624485,139.685283677443
120,Higashi-nihombashi Station,35.692111,139.784889
121,Higashi-ogu-sanchōme Station,35.7457799,139.7736654
122,Higashi-ojima Station,35.6889178,139.8497956
123,Higashi-Ōme Station,35.7899044,139.2725011
124,Higashi-Shinjuku Station,35.6979339,139.7075497
125,Higashi-Mukōjima Station,35.724279,139.8193204
126,Hikarigaoka Station,35.758508,139.6296243
127,Hikawadai Station,35.7498339,139.6650634
128,Hikifune Station,35.7183056,139.8167501
129,Hinatawada Station,35.7881161,139.2297013
130,Hino Station (Tokyo),35.6610715,139.4147051
131,Hinode Station,35.758719,139.223819
132,Hirai Station (Tokyo),35.706421,139.8425122
133,Hirayamajōshi-kōen Station,35.6475285,139.3801778
134,Hiroo Station,35.6529443,139.722442
135,Hitotsubashi-Gakuen Station,35.7217562,139.4800781
136,Hodokubo Station,35.6552783,139.4108443
137,Hon-komagome Station,35.7247627,139.7537055
138,Hōnanchō Station,35.6834664,139.6576432
139,Hongō-sanchōme Station,35.7066036,139.759935779072
140,Honjo-azumabashi Station,35.7086163,139.8043592
141,Horikiri Station,35.7431862,139.8177041
142,Horikirishōbuen Station,35.7476934,139.8274862
143,Hōya Station,35.74829925,139.56767608401
144,Ichigaya Station,35.69118205,139.735609872636
145,Ichinoe Station,35.6859799,139.8831224
146,Iidabashi Station,35.7010374,139.7475014
147,Ikebukuro Station,35.7307062,139.7085883
148,Ikegami Station,35.57293,139.7036282
149,Ikejiri-Ōhashi Station,35.650655,139.68461
150,Ikenoue Station,35.6605515,139.67304
151,Ikusabata Station,35.8076389,139.2076788
152,Inagi Station,35.638229,139.507776
153,Inagi-Naganuma Station,35.6444578,139.5022394
154,Inarichō Station,35.7113289,139.7826636
155,Inokashira-kōen Station,35.6975223,139.5828122
156,Iogi Station,35.724442,139.6142454
157,Iriya Station (Tokyo),35.7207249,139.7845632
158,Ishigamimae Station,35.7966075,139.2251306
159,Ishikawadai Station,35.5988645,139.681693740012
160,Itabashi Station,35.74555315,139.720064925855
161,Itabashihoncho Station,35.7614026,139.7055582
162,Iwamotocho Station,35.6955634,139.7755631
163,Izumi-Taiikukan Station,35.7184916,139.4197308
164,Izumi-Tamagawa Station,35.6275185,139.5737097
165,Jimbōchō Station,35.6959542,139.7580748
166,Jiyūgaoka Station (Tokyo),35.6083522,139.6670367
167,Jūjō Station (Tokyo),35.7600092,139.7222807
168,Kabe Station (Tokyo),35.7843349,139.2849278
169,Kachidoki Station,35.6593214,139.7777629
170,Kagurazaka Station,35.7040996,139.7434925
171,Kajiwara Station,35.7510746,139.7480601
172,Kamata Station (Tokyo),35.5632556,139.715321
173,Kameari Station,35.7662467,139.8482807
174,Kameido Station,35.6979804,139.8257904
175,Kameidosuijin Station,35.7000503,139.8335195
176,Kami-Igusa Station,35.7252401,139.6031457
177,Kami-Itabashi Station,35.7635967,139.676569
178,Kami-kitazawa Station,35.6688199,139.623299
179,Kami-Nakazato Station,35.7466176,139.7470253
180,Kaminoge Station,35.6118685,139.6382487
181,Kami-Shakujii Station,35.7261132,139.5924974
182,Kamikitadai Station,35.7458297,139.4158199
183,Kamiyachō Station,35.6624802,139.7447379
184,Kanamachi Station,35.7695843,139.8706926
185,Kanamechō Station,35.733157,139.6986289
186,Kanda Station (Tokyo),35.6952811,139.7704909
187,Kanegafuchi Station,35.7333722,139.8201376
188,Karakida Station,35.6154724,139.411975
189,Kasai Station,-5.3498001,21.424098
190,Kasai-Rinkai Park Station,35.6421894,139.859395336632
191,Kasuga Station (Tokyo),35.7085022,139.7527272
192,Kasumigaseki Station (Tokyo),35.6741576,139.7528673
193,Katakura Station,35.6398774,139.3416692
194,Kawai Station (Tokyo),35.813361,139.1629695
195,Kayabachō Station,35.6809124,139.7780335
196,Keikyū Kamata Station,35.5610165,139.7238894
197,Keiō-hachiōji Station,35.6579048,139.3430476
198,Keiō-horinouchi Station,35.6244649,139.4003673
199,Keiō-katakura Station,35.6443626,139.3370025
200,Keiō-tamagawa Station,35.645009,139.5372924
201,Keiō-yomiuri-land Station,35.6329527,139.5174012
202,Keisei Hikifune Station,35.7187273,139.820412
203,Keisei Kanamachi Station,35.7684928,139.870409
204,Keisei Koiwa Station,35.74233045,139.88345417337
205,Keisei Sekiya Station,35.7439967,139.8117769
206,Keisei Tateishi Station,35.738182,139.8480553
207,Keisei Ueno Station,35.7109406,139.7735044
208,Keisei-Takasago Station,35.7509418,139.8673293
209,Kiba Station,35.6695379,139.805334
210,Kichijōji Station,35.7026072,139.578206
211,Kikukawa Station,35.6884236,139.8061202
212,Kinshichō Station,35.6967524,139.8141509
213,Kishibojimmae Station,35.7200799,139.7147071
214,Kita-Akabane Station,35.7867328,139.7059798
215,Kita-Ayase Station,35.7769003,139.8321269
216,Kita-Hachiōji Station,35.6693571,139.3634112
217,Kita-Ikebukuro Station,35.7409711,139.7168664
218,Kita-sando Station,35.6784714,139.7054355
219,Kita-Senju Station,35.7493185,139.8045232
220,Kita-Senzoku Station,35.6062539,139.6935916
221,Kitami Station (Tokyo),35.6364976,139.5867097
222,Kitano Station (Tokyo),35.644382,139.3542656
223,Kitashinagawa Station,35.622322,139.7392954
224,Kiyose Station,35.785483,139.531253
225,Kiyosumi-shirakawa Station,35.6819714,139.7991008
226,Kodaira Station,35.72522,139.476606
227,Kodemmachō Station,35.6907531,139.7784522
228,Kōenji Station,35.7055421,139.6499648
229,Kōhoku Station,35.86724345,140.077793335141
230,Koigakubo Station,35.7112868,139.4640232
231,Koiwa Station,35.7327706,139.8819689
232,Kōjimachi Station,35.6844268,139.7376051
233,Kōjiya Station,35.5547009,139.7294663
234,Kokkai-gijidō-mae Station,35.67374,139.743416
235,Kokubunji Station,35.709674,139.454224
236,Kokuritsu-Kyōgijō Station,35.6801615,139.7136921
237,Kokuryō Station,35.6505742,139.5570162
238,Kokusai-Tenjijō Station,35.6345353,139.7916044
239,Kokusai-tenjijō-seimon Station,35.630197,139.7913701
240,Komaba-tōdaimae Station,35.6589166,139.6833619
241,Komae Station,35.634023,139.575977
242,Komagome Station,35.7365848,139.7472412
243,Komazawa-daigaku Station,35.63351,139.661771
244,Komiya Station,35.6855229,139.3688398
245,Kōrakuen Station,35.7071699,139.7518531
246,Koremasa Station,35.656275,139.4893858
247,Kori Station,12.2569,13.1083
248,Kōshinzuka Station,35.7397618,139.729846
249,Kōshū-Kaidō Station,35.6782778,139.4092663
250,Kosuge Station,35.745897,138.945148
251,Kotake-mukaihara Station,35.7438361,139.6785743
252,Kōya Station (Tokyo),35.6906919,139.9451689
253,Kudanshita Station,35.6955382,139.7513781
254,Kugahara Station (Tokyo),35.5796094,139.6856341
255,Kugayama Station,35.687982,139.5996036
256,Kuhombutsu Station,35.6053529,139.6615207
257,Kumagawa Station,35.7284669,139.3354099
258,Kumanomae Station,35.74851935,139.769842401433
259,Kumegawa Station,35.7496229,139.4725892
260,Kunitachi Station,35.681991,139.43624
261,Kuramae Station,35.7054789,139.7924363
262,Kyōbashi Station (Tokyo),35.676833,139.770139
263,Kyōdō Station,35.6512711,139.6366818
264,Kyōteijō-mae Station (Tokyo),35.6561904,139.4995958
265,Machida Station (Tokyo),35.5623785,139.442781736362
266,Machiya Station,35.7422895,139.7814483
267,Machiya-nichōme Station,35.7437837,139.7767536
268,Magome Station,35.5969362,139.7119624
269,Manganji Station,35.6712259,139.4201102
270,Manseibashi Station,35.6975535,139.771221
271,Matsubara Station (Tokyo),35.6600436,139.641946
272,Matsugaya Station,35.6318159,139.4220287
273,Meguro Station,35.62125,139.688014
274,Meidaimae Station,35.6685389,139.6504992
275,Meiji-jingumae Station,35.6684883,139.7054308
276,Mejiro Station,35.7211861,139.7064823
277,Mejirodai Station,35.6435454,139.3081073
278,Midorigaoka Station (Tokyo),35.606338,139.6785759
279,Mikawashima Station,35.7333412,139.7774122
280,Minami-Asagaya Station,35.6994097,139.6357205
281,Minami-Machida Station,35.5983809,139.380416
282,Minami-ōsawa Station,35.6132757,139.3807158
283,Minami-Senju Station,35.73242555,139.798859835128
284,Minami-Shinjuku Station,35.68959645,139.700478185062
285,Minami-Sunamachi Station,35.6683367,139.8318957
286,Minami-Tama Station,35.6492737,139.4898462
287,Minamidaira Station,35.6550985,139.3925213
288,Minowa Station,35.728804,139.790875
289,Minowabashi Station,35.73213,139.791627
290,Minumadai-shinsuikōen Station,35.814493,139.7707277
291,Mita Station,35.648589,139.7492027
292,Mitaka Station,35.685227,139.572916
293,Mitakadai Station,35.6922146,139.5890398
294,Mitake Station (Tokyo),35.80143715,139.182965452117
295,Mitsukoshimae Station,35.6851257,139.7711284
296,Miyanohira Station,35.7873003,139.2369126
297,Miyanomae Station,35.7500888,139.7651341
298,Miyanosaka Station (Tokyo),35.6478437,139.6449664
299,Mizue Station,33.32499555,130.509197728948
300,Mogusaen Station,35.6575015,139.4310121
301,Monzen-Nakachō Station,35.6725145,139.7949361
302,Morishita Station (Tokyo),35.6878225,139.7962434
303,Motohasunuma Station,35.7685265,139.7024761
304,Mukōhara Station,35.7291878,139.7253058
305,Musashi-Hikida Station,35.7297153,139.2700984
306,Musashi-Itsukaichi Station,35.7322897,139.2280339
307,Musashi-Koganei Station,35.7010636,139.5067887
308,Musashi-Koyama Station,35.6202318,139.7039054
309,Musashi-Masuko Station,35.7310574,139.2562532
310,Musashi-Nitta Station,35.5681471,139.6926265
311,Musashi-Sakai Station,35.7021186,139.5439799
312,Musashi-Seki Station,35.7275793,139.577211
313,Musashi-Sunagawa Station,35.7289416,139.3929733
314,Musashi-Yamato Station,35.7560605,139.4442299
315,Musashinodai Station,35.6642555,139.5109389
316,Myōgadani Station,35.717362,139.7368105
317,Nagahara Station (Tokyo),35.6022607,139.6979619
318,Naganuma Station (Tokyo),35.6427854,139.3660266
319,Nagatachō Station,35.675618,139.7434685
320,Nagayama Station (Tokyo),35.9619969,140.5105454
321,Naka-Itabashi Station,35.7564299,139.694164
322,Naka-Meguro Station,35.6440782,139.6987828
323,Naka-Okachimachi Station,35.706559,139.7761742
324,Nakagami Station,26.40293425,127.67380814422
325,Nakagawara Station (Tokyo),35.6596172,139.4578941
326,Nakai Station,35.334473,139.220648
327,Nakamurabashi Station,35.7367937,139.6377931
328,Nakano Station (Tokyo),35.718123,139.664468
329,Nakano-fujimichō Station,35.6905599,139.6669249
330,Nakano-sakaue Station,35.6972411,139.6829269
331,Nakano-shimbashi Station,35.6917441,139.6740282
332,Nakanobu Station,35.6057172,139.712596
333,Narimasu Station,35.7780611,139.6328675
334,Naruse Station,35.5353004,139.4729739
335,Nerima Station,35.74836,139.638735
336,Nerima-kasugachō Station,35.7514219,139.6403688
337,Nerima-Takanodai Station,35.7409213,139.6163048
338,Nezu Station,35.7173532,139.765722
339,Nihombashi Station,35.6816488,139.7761952
340,Nijūbashimae Station,35.6803228,139.7616318
341,Ningyōchō Station,35.6846949,139.7827082
342,Nippori Station,35.7289204,139.7713635
343,Nishi-chōfu Station,35.6570472,139.5301869
344,Nishi-eifuku Station,35.6787507,139.635490189443
345,Nishi-Hachiōji Station,35.6564769,139.312459
346,Nishi-Kasai Station,35.6641924,139.8591873
347,Nishi-Kokubunji Station,35.69974,139.4660796
348,Nishi-Koyama Station,35.6154993,139.6986894
349,Nishi-Kunitachi Station,35.6932804,139.4241055
350,Nishi-magome Station,35.5860611,139.7053696
351,Nishi-Ogikubo Station,35.7037331,139.5996053
352,Nishi-Ōi Station,35.6018658,139.7216714
353,Nishi-ojima Station,35.6895108,139.8269603
354,Nishi-Shinjuku Station,35.6944228,139.6927786
355,Nishi-Shinjuku-gochōme Station,35.6899897,139.6847705
356,Nishi-sugamo Station,35.7437168,139.7285828
357,Nishi-Tachikawa Station,35.7035299,139.3936369
358,Nishi-Taishidō Station,35.6445963,139.6662174
359,Nishi-Takashimadaira Station,35.7914021,139.6463585
360,Nishi-waseda Station,35.7079254,139.7090596
361,Nishiarai Station,35.777253,139.790321
362,Nishiaraidaishi-nishi Station,35.7815513,139.7700397
363,Nishidai Station (Tokyo),35.7869431,139.6740066
364,Nishifu Station,35.6709515,139.4573765
365,Nishigahara Station,35.7460255,139.7422068
366,Nishigahara-yonchōme Station,35.744721,139.733094
367,Nogata Station,33.756755,130.744155
368,Nogizaka Station,35.666462,139.727924
369,Numabe Station,35.5827775,139.6730758
370,Numabukuro Station,35.7192588,139.664613
371,Ochanomizu Station,35.6994731,139.76520161347
372,Ochiai Station (Tokyo),35.7104503,139.6849785
373,Ochiai-minami-nagasaki Station,35.7232032,139.6836262
374,Odai Station (Tokyo),35.7505248,139.7622552
375,Odaiba-kaihinkōen Station,35.6299113,139.778807
376,Ogawa Station (Tokyo),35.7375194,139.4635449
377,Ogawamachi Station (Tokyo),35.6948951,139.7661916
378,Ōgi-ōhashi Station,35.7639817,139.77078
379,Ogikubo Station,35.7048698,139.6207965
380,Ohanajaya Station,35.7476118,139.840248990246
381,Ōi Keibajō-mae Station,35.5951172,139.7470539
382,Ōimachi Station,35.6068506,139.7344214
383,Ōizumi-gakuen Station,35.74949415,139.586576341052
384,Ōji Station (Tokyo),35.754042,139.7377436
385,Ōji-ekimae Station,35.7529544,139.7380298
386,Oji-kamiya Station,35.7650066,139.7357803
387,Ojima Station,35.6897995,139.8350725
388,Okachimachi Station,35.7069531,139.7746303
389,Oku Station (Tokyo),35.74677345,139.754613280344
390,Ōkubo Station (Tokyo),35.702197,139.69521
391,Okusawa Station,35.810111,139.00736
392,Okutama Station,35.8090832,139.0964305
393,Ōme Station,35.7903003,139.258321524464
394,Ōmekaidō Station,35.7304934,139.4764695
395,Omokagebashi Station,35.7129381,139.7145658
396,Ōmori Station (Tokyo),35.5897232,139.7280238
397,Ōmorikaigan Station,35.587699,139.7353937
398,Ōmorimachi Station,35.572514,139.7320524
399,Omotesandō Station,35.6657815,139.7128866
400,Omurai Station,35.7103615,139.8275533
401,Onarimon Station,35.66103,139.7515294
402,Ontakesan Station,35.8929915,137.4804059
403,Ōokayama Station,35.6073954,139.68542
404,Ōsaki Station,35.61962715,139.728050224542
405,Oshiage Station,35.710775,139.8135101
406,Ōtemachi Station (Tokyo),35.6869804,139.7636796
407,Ōtorii Station,35.5525614,139.7393939
408,Ōtsuka Station,35.7317401,139.7283438
409,Ōtsuka-ekimae Station,35.7314483,139.72926
410,Ōtsuka-Teikyō-Daigaku Station,35.6368833,139.4164516
411,Ōyama Station (Tokyo),35.4408175,139.2311073
412,Oyamadai Station,35.6075687,139.6537866
413,Ozaku Station,35.7762291,139.3020363
414,Roka-kōen Station,35.6706279,139.6088469
415,Rokuchō Station,35.78407195,139.821238223932
416,Rokugōdote Station,35.540667,139.7076679
417,Roppongi Station,35.6636418,139.7327747
418,Roppongi-itchōme Station,35.6649905,139.7388526
419,Ryōgoku Station,35.6976468,139.7971784
420,Ryūtsū Center Station,35.5814006,139.749241112109
421,Saginomiya Station (Tokyo),35.7226352,139.6396308
422,Sakaechō Station (Tokyo),35.7538027,139.7030965
423,Sakura-shimmachi Station,35.631719,139.645163
424,Sakuradai Station (Tokyo),35.7387537,139.6623844
425,Sakuradamon Station,35.6774156,139.7517288
426,Sakurajōsui Station,35.6675015,139.6323285
427,Sakurakaidō Station,35.7390836,139.4166469
428,Samezu Station,35.6050422,139.742280820711
429,Sangen-Jaya Station,35.6435178,139.6712704
430,Sangūbashi Station,35.6788005,139.6938086
431,Sasazuka Station,35.6736274,139.6671061
432,Sawai Station,-2.9012389,129.2049193
433,Seibijō Station,35.5551678,139.7533539
434,Seibu-Shinjuku Station,35.6960912,139.7000455
435,Seibu-Tachikawa Station,35.7262011,139.3701587
436,Seibu-Yagisawa Station,35.7286278,139.552938
437,Seibu-Yūenchi Station,35.7661781,139.442575
438,Seibuen Station,35.767913,139.448445
439,Seijōgakuen-Mae Station,35.6399502,139.5984411
440,Seiseki-sakuragaoka Station,35.6501849,139.4465454
441,Sendagaya Station,35.6801806,139.7111952
442,Sendagi Station,35.7255455,139.7633148
443,Sengakuji Station,35.6372353,139.7394919
444,Sengawa Station,35.6623136,139.5850235
445,Sengoku Station,35.7283399,139.7442534
446,Senjuōhashi Station,35.7421478,139.7971043
447,Senkawa Station,35.7394416,139.6875885
448,Senzoku Station,35.6101598,139.6941517
449,Senzoku-Ike Station,35.5998047,139.6912953
450,Kamimachi Station,35.6434519,139.6464819
451,Setagaya Station,35.646096,139.65627
452,Setagaya-Daita Station,35.6582416,139.6612148
453,Shakujii-kōen Station,35.73821855,139.596150241553
454,Shibakoen Station,35.655327,139.749832
455,Shibamata Station,35.7564295,139.8752024
456,Shibasaki Station,35.6542039,139.5670015
457,Shibasaki-Taiikukan Station,35.6899932,139.4094397
458,Shibaura-futō Station,35.641723,139.7577759
459,Shibuya Station,35.6593912,139.7019171
460,Shiinamachi Station,35.7264476,139.6948922
461,Shijō-mae Station,35.6458081,139.7857575
462,Shim-Mikawashima Station,35.7372232,139.7739554
463,Shimbamba Station,35.6165091,139.7414662
464,Shimbashi Station,35.6661109,139.7597208
465,Shimo Station,35.7778749,139.7325731
466,Shimo-Akatsuka Station,35.7706013,139.644556
467,Shimo-Igusa Station,35.7237898,139.625376
468,Shimo-Itabashi Station,35.7455753,139.7149217
469,Shimo-kitazawa Station,35.6615352,139.6671704
470,Shimo-Ochiai Station,35.7157338,139.694778553452
471,Shimo-takaido Station,35.6660693,139.6424439
472,Shimomaruko Station,35.5714014,139.685601
473,Shimura-sakaue Station,35.7751437,139.6957299
474,Shimura-sanchome Station,35.7774489,139.6860181
475,Shin-Akitsu Station,35.7783816,139.4937517
476,Shin-egota Station,35.7326152,139.6703804
477,Shin-itabashi Station,35.7488895,139.7192989
478,Shin-Kiba Station,35.6461826,139.8280428
479,Shin-Kodaira Station,35.7309545,139.4706203
480,Shin-koenji Station,35.6978602,139.6486922
481,Shin-Koganei Station,35.6959786,139.5267912
482,Shin-Koiwa Station,35.7169327,139.858002
483,Shin-koshinzuka Station,35.7409128,139.7313166
484,Shin-Nakano Station,35.6974617,139.668635
485,Shin-Nihombashi Station,35.6894038,139.7751076
486,Shin-Ochanomizu Station,35.6979116,139.7659437
487,Shin-okachimachi Station,35.7070079,139.7820354
488,Shin-Ōkubo Station,35.7014992,139.6999242
489,Shin-ōtsuka Station,35.725778,139.729917
490,Shin-Sakuradai Station,35.740858,139.668421
491,Shin-Seibijō Station,35.5427967,139.7869975
492,Shin-Shibamata Station,35.7510948,139.8794064
493,Shin-takashimadaira Station,35.7899793,139.6539228
494,Shin-toyosu Station,35.6488052,139.7901932
495,Shinagawa Seaside Station,35.6097234,139.7498591
496,Shinanomachi Station,35.680168,139.7198803
497,Shindaita Station,35.6637843,139.6604218
498,Shinjuku Station,35.68959645,139.700478185062
499,Shinjuku-gyoemmae Station,35.6885742,139.7107081
500,Shinjuku-Nishiguchi Station,35.6928337,139.6992247
501,Shinjuku-sanchōme Station,35.6908649,139.7048579
502,Shinonome Station (Tokyo),35.6407437,139.8036145
503,Shinozaki Station,35.705995,139.9037372
504,Shinsen Station,35.6572282,139.6936431
505,Shintomichō Station (Tokyo),35.6705,139.773722
506,Shiodome Station,35.66143745,139.758937132636
507,Shiomi Station (Tokyo),35.658929,139.8171928
508,Shiraitodai Station,35.6665122,139.5097795
509,Shirokane-takanawa Station,35.6433523,139.7345747
510,Shirokanedai Station,35.6381027,139.7265652
511,Shiromaru Station,35.8119218,139.1148922
512,Shōwajima Station,35.5705589,139.749982282756
513,Soshigaya-Ōkura Station,35.6432912,139.6097735
514,Suehirocho Station (Tokyo),35.7029442,139.7717397
515,Sugamo Station,35.7334119,139.7394273
516,Sugamoshinden Station,35.7357042,139.727679
517,Suidōbashi Station,35.7020419,139.7536358
518,Suitengūmae Station,35.6840459,139.7841978
519,Sumiyoshi Station (Tokyo),35.6890174,139.8157296
520,Sunagawa-Nanaban Station,35.7231354,139.4181567
521,Suzukakedai Station,35.5168841,139.4816641
522,Tabata Station (Tokyo),35.7373701,139.7617151
523,Tachiaigawa Station,35.59867405,139.738972274988
524,Tachihi Station,35.7144751,139.4173086
525,Tachikawa Station,35.724463,139.404766
526,Tachikawa-Kita Station,35.6993779,139.4125212
527,Tachikawa-Minami Station,35.6961191,139.4126249
528,Takadanobaba Station,35.7126839,139.7036425
529,Takahatafudō Station,35.6620686,139.413569
530,Takaido Station,35.6833019,139.6149622
531,Takamatsu Station (Tokyo),35.710102,139.4133094
532,Takanawadai Station,35.6321435,139.7303719
533,Takanodai Station,35.7447326,139.612556800161
534,Takao Station (Tokyo),35.6423428,139.2826625
535,Takaosanguchi Station,35.6325002,139.2699078
536,Takaracho Station,35.6751038,139.7714824
537,Takashimadaira Station,35.788256,139.6621661
538,Takebashi Station,35.6908563,139.7568602
539,Takenotsuka Station,35.7944802,139.7906766
540,Takeshiba Station,35.6539736,139.761907
541,Takinogawa-itchōme Station,35.7473062,139.7353992
542,Tama Station,35.637188,139.443503
543,Tama-Center Station,35.6239755,139.422918
544,Tama-dōbutsukōen Station,35.6486656,139.4037336
545,Tama-reien Station,35.68292175,139.509511406038
546,Tamachi Station (Tokyo),35.64564675,139.747450739748
547,Tamagawa Station (Tokyo),35.5868478,139.6695241
548,Tamagawa-Jōsui Station,35.722943,139.454577
549,Tamagawagakuen-mae Station,35.5642839,139.463904
550,Tamasakai Station,35.6030137,139.3664899
551,Tameike-Sannō Station,35.6715237,139.7419479
552,Tanashi Station,35.7287951,139.5400411
553,Tatsumi Station,35.645556,139.810556
554,Tawaramachi Station (Tokyo),35.7098197,139.790778
555,Telecom Center Station,35.6174323,139.7789107
556,Tenkūbashi Station,35.5489671,139.7543827
557,Tennōzu Isle Station,35.6227359,139.7507947
558,Tobitakyū Station,35.660252,139.5233684
559,Tōbu-Nerima Station,35.7694895,139.6601451
560,Tochōmae Station,35.6903852,139.6914735
561,Tōdaimae Station,35.7173022,139.7581184
562,Toden-zoshigaya Station,35.7240463,139.7177301
563,Todoroki Station (Tokyo),35.6091032,139.647398
564,Togoshi Station,35.6150626,139.7166188
565,Togoshi-Ginza Station,35.6160725,139.7150199
566,Togoshi-kōen Station,35.608913,139.7181941
567,Tokiwadai Station (Tokyo),35.7589509,139.6885556
568,Tokyo Freight Terminal,35.5896662,139.7594679
569,Tokyo Skytree Station,35.71005425,139.810714099926
570,Tokyo Station,54.2175325,18.652509
571,Tokyo Teleport Station,35.6276427,139.7787817
572,Toneri Station,40.0224914,9.1739504
573,Toneri-kōen Station,35.7963752,139.7700819
574,Toranomon Hills Station,35.6668644,139.74915867314
575,Toranomon Station,35.67017,139.750049
576,Toritsu-Daigaku Station,35.6175561,139.6761727
577,Toritsu-Kasei Station,35.7222575,139.6452465
578,Toshimaen Station,35.7421151,139.6479663
579,Tōyōchō Station,35.670618,139.8164944
580,Toyoda Station,35.6608886,139.3805623
581,Toyosu Station,35.6554042,139.7963392
582,Tsukiji Station,35.6681142,139.7725632
583,Tsukijishijō Station,35.6648891,139.7669096
584,Tsukishima Station,35.662619,139.7824055
585,Tsukushino Station,35.5281945,139.4845446
586,Tsurukawa Station,35.5831769,139.4820835
587,Tsutsujigaoka Station (Tokyo),35.6580925,139.5753341
588,Uchisaiwaicho Station,35.6691961,139.7553036
589,Ueno Station,35.7118717,139.7774252
590,Ueno-hirokoji Station,35.7078264,139.7730499
591,Ueno-okachimachi Station,35.7076875,139.7728646
592,Uguisudani Station,35.7203576,139.7790442
593,Ukima-Funado Station,35.7911622,139.691494
594,Umegaoka Station,35.656241,139.654343
595,Umejima Station,35.7723229,139.7980187
596,Umeyashiki Station (Tokyo),35.5669464,139.728341688538
597,Unoki Station,35.5754772,139.6805847
598,Ushida Station (Tokyo),35.7446769,139.8121178
599,Ushigome-kagurazaka Station,35.7009139,139.7359501
600,Ushigome-yanagichō Station,35.6994676,139.7255875
601,Ushihama Station,35.7345743,139.3335747
602,Wakabayashi Station (Tokyo),35.6459636,139.6599785
603,Wakamatsu-kawada Station,35.699262,139.7184292
604,Wakōshi Station,35.7886582,139.6124496
605,Yagawa Station,35.6849629,139.4321775
606,Yahiro Station,35.7271367,139.8283287
607,Yaho Station,11.82415245,-3.50109371686163
608,Yamada Station (Tokyo),35.6443652,139.3210906
609,Yamashita Station (Tokyo),35.6538302,139.646493
610,Yanokuchi Station,35.6415979,139.5205143
611,Yasaka Station (Tokyo),35.7451375,139.4673298
612,Yazaike Station,35.7864626,139.7687155
613,Yōga Station,55.0400295,-1.442969
614,Yotsugi Station,35.73252,139.8343198
615,Yotsuya Station,48.1133669,-1.6799393
616,Yotsuya-sanchōme Station,35.6879869,139.7205698
617,Yoyogi Station,35.6839071,139.7016342
618,Yoyogi-Hachiman Station,35.6696211,139.6888398
619,Yoyogi-koen Station,35.67053295,139.695671284789
620,Yoyogi-Uehara Station,35.669008,139.679787
621,Yukigaya-Ōtsuka Station,35.5920174,139.6809829
622,Yūrakuchō Station,35.6755911,139.7633051
623,Yushima Station (Tokyo),35.7080344,139.7698061
624,Yūtenji Station,35.6375748,139.6910422
625,Zoshigaya Station,35.7202599,139.7148462
626,Zōshiki Station,35.550055,139.715197
